<?xml version="1.0" encoding="UTF-8"?>
<project-private xmlns="http://www.netbeans.org/ns/project-private/1">
    <editor-bookmarks xmlns="http://www.netbeans.org/ns/editor-bookmarks/2" lastBookmarkId="0"/>
    <open-files xmlns="http://www.netbeans.org/ns/projectui-open-files/2">
        <group>
            <file>file:/C:/Users/Mapyapet/Documents/NetBeansProjects/WebApplication1/web/style.css</file>
            <file>file:/C:/Users/Mapyapet/Documents/NetBeansProjects/WebApplication1/web/WEB-INF/web.xml</file>
            <file>file:/C:/Users/Mapyapet/Documents/NetBeansProjects/WebApplication1/web/response.jsp</file>
            <file>file:/C:/Users/Mapyapet/Documents/NetBeansProjects/WebApplication1/build/web/gfv3ee6.dpf</file>
            <file>file:/C:/Users/Mapyapet/Documents/NetBeansProjects/WebApplication1/web/style_1.css</file>
            <file>file:/C:/Users/Mapyapet/Documents/NetBeansProjects/WebApplication1/setup/sun-resources.xml</file>
            <file>file:/C:/Users/Mapyapet/Documents/NetBeansProjects/WebApplication1/web/index.jsp</file>
            <file>file:/C:/Users/Mapyapet/Documents/NetBeansProjects/WebApplication1/nbproject/build-impl.xml</file>
            <file>file:/C:/Users/Mapyapet/Documents/NetBeansProjects/WebApplication1/web/response2.jsp</file>
            <file>file:/C:/Users/Mapyapet/Documents/NetBeansProjects/WebApplication1/web/im2.jpg</file>
            <file>file:/C:/Users/Mapyapet/Documents/NetBeansProjects/WebApplication1/web/psychm.jpg</file>
            <file>file:/C:/Users/Mapyapet/Documents/NetBeansProjects/WebApplication1/web/error.jsp</file>
        </group>
    </open-files>
</project-private>
