<?xml version="1.0" encoding="UTF-8"?>
<project-private xmlns="http://www.netbeans.org/ns/project-private/1">
    <editor-bookmarks xmlns="http://www.netbeans.org/ns/editor-bookmarks/2" lastBookmarkId="0"/>
    <open-files xmlns="http://www.netbeans.org/ns/projectui-open-files/2">
        <group>
            <file>file:/C:/Users/Mapyapet/Documents/NetBeansProjects/MyStrutsApp/web/welcomeStruts.jsp</file>
            <file>file:/C:/Users/Mapyapet/Documents/NetBeansProjects/MyStrutsApp/web/login.jsp</file>
            <file>file:/C:/Users/Mapyapet/Documents/NetBeansProjects/MyStrutsApp/web/WEB-INF/tiles-defs.xml</file>
            <file>file:/C:/Users/Mapyapet/Documents/NetBeansProjects/MyStrutsApp/web/WEB-INF/validator-rules.xml</file>
            <file>file:/C:/Users/Mapyapet/Documents/NetBeansProjects/MyStrutsApp/web/WEB-INF/web.xml</file>
            <file>file:/C:/Users/Mapyapet/Documents/NetBeansProjects/MyStrutsApp/web/success.jsp</file>
            <file>file:/C:/Users/Mapyapet/Documents/NetBeansProjects/MyStrutsApp/web/WEB-INF/validation.xml</file>
            <file>file:/C:/Users/Mapyapet/Documents/NetBeansProjects/MyStrutsApp/web/WEB-INF/struts-config.xml</file>
            <file>file:/C:/Users/Mapyapet/Documents/NetBeansProjects/MyStrutsApp/web/stylesheet.css</file>
            <file>file:/C:/Users/Mapyapet/Documents/NetBeansProjects/MyStrutsApp/web/index.jsp</file>
            <file>file:/C:/Users/Mapyapet/Documents/NetBeansProjects/MyStrutsApp/src/java/com/myapp/struts/LoginForm.java</file>
            <file>file:/C:/Users/Mapyapet/Documents/NetBeansProjects/MyStrutsApp/web/Preview.jsp</file>
            <file>file:/C:/Users/Mapyapet/Documents/NetBeansProjects/MyStrutsApp/src/java/com/myapp/struts/LoginAction.java</file>
            <file>file:/C:/Users/Mapyapet/Documents/NetBeansProjects/MyStrutsApp/web/im5.jpg</file>
            <file>file:/C:/Users/Mapyapet/Documents/NetBeansProjects/MyStrutsApp/web/Preview.jpg</file>
        </group>
    </open-files>
</project-private>
