<?xml version="1.0" encoding="UTF-8"?>
<!--
To change this license header, choose License Headers in Project Properties.
To change this template file, choose Tools | Templates
and open the template in the editor.

adapted from: http://mrbool.com/how-to-create-a-login-application-with-struts-framework-in-java/27087#ixzz3ZVgKrCjt
-->
<?xml version="1.0" encoding="UTF-8"?> <!DOCTYPE struts-config PUBLIC "-//Apache Software Foundation//DTD Struts Configuration 1.3//EN" "http://jakarta.apache.org/struts/dtds/struts-config_1_3.dtd"> 
<struts-config> 
    <form-beans> 
        <form-bean name="userInformationForm" type="com.src.loginapp.form.UserInformationForm"/> 
    </form-beans> 
    <action-mappings> 
        <action path="/Login" type="com.src.loginapp.action.UserAction" name="userInformationForm" input="/pages/login.jsp">	
            <forward name="success" path="/pages/welcome.jsp"/> 
            <forward name="failure" path="/pages/login.jsp"/> 
</action> 
</action-mappings> 
</struts-config>
 